Titles,Descriptions,Label
ZVISION Announces NVIDIA Isaac Sim Robotics Platform Support to Empower Powerful Tools for Industrial Sensing,"BEIJING, Jan. 7, 2023 /PRNewswire/ -- ZVISION, a leading provider of solid-state MEMS LiDAR solutions, announced at CES2023 that it will work with the NVIDIA Isaac Sim advanced simulator to create powerful tools enabling",1
Telit Cinterion 5G FN980 and FN990 Series Data Cards Validated for Use with NVIDIA Jetson Xavier and Jetson Orin,"Telit Cinterion is one of the first NVIDIA technology partners to validate 5G networking for the NVIDIA® Jetson AGX Orin™ and NVIDIA Jetson Orin NX system-on-modulesIndustrial-grade, M.2 data cards deliver",1
Seeed Studio Announces reComputer J4012 Based on New NVIDIA Jetson Orin NX 16GB System-on-Module,"SHENZHEN, China, Jan. 6, 2023 /PRNewswire/ -- Seeed Studio, an AIoT hardware company and NVIDIA NPN preferred partner, introduced reComputer J40 series powered by the new NVIDIA® Jetson Orin™ NX",1
Aetina Launches New DeviceEdge Embedded Systems and Platforms Powered by NVIDIA Jetson Orin NX and Orin Nano during CES 2023,"NEW TAIPEI CITY, Taiwan, Jan. 5, 2023 /PRNewswire/ -- Aetina, a leading provider of state-of-the-art edge AI solutions, has launched its new NVIDIA® Jetson™-based series of embedded systems and platforms,",1
"NVIDIA (NVDA), Foxconn Team up for Autonomous Vehicle Platform",NVIDIA (NVDA) and Taiwan's Foxconn enter a strategic partnership to develop automated platforms that will get featured in tier-1 electronic vehicles manufactured by Foxconn.,1
PNY GeForce RTX™ 4070 Ti 12GB VERTO; PNY Introduces Latest 40 Series NVIDIA GeForce GPU,"PARSIPPANY, N.J., Jan. 3, 2023 /PRNewswire/ -- PNY announced today the expansion of its revolutionary NVIDIA GeForce® RTX™ 40 Series PNY and XLR8 Gaming family of GPUs with the addition of the new GeForce RTX",1
UPDATE 1-Foxconn to use Nvidia chips to build self-driving vehicle platforms,Chipmaker Nvidia Corp and electronics manufacturer Foxconn announced a partnership on Tuesday to develop autonomous vehicle platforms.,1
"Nvidia, Foxconn to build autonomous vehicle platforms",Chipmaker Nvidia Corp and electronics manufacturer Foxconn announced a partnership on Tuesday to develop autonomous vehicle platforms.,1
"Evozyne Creates AI Model with NVIDIA for Novel Protein Design, Expected to Accelerate Drug Development","New AI model, co-developed by Evozyne and NVIDIA, can create novel therapeutic proteins for a new era of drug development CHICAGO, Jan. 12, 2023 /PRNewswire/ -- Evozyne today revealed a breakthrough AI model, developed",1
Bionano to Accelerate Data Processing Solution for Optical Genome Mapping Workflow with NVIDIA,"SAN DIEGO, Jan. 12, 2023 (GLOBE NEWSWIRE) -- Bionano Genomics, Inc. (NASDAQ:BNGO) today announced a collaboration with NVIDIA to develop an acceleration platform for use in Bionano&#39;s optical genome mapping (OGM)",1
"Nvidia, AMD Stock Have Less Upside, but Are Still Buys, Says Analyst",KeyBanc Capital Markets analyst John Vinh warns that Nvidia and Advanced Micro Devices may get affected by softening demand in China. He's still bullish.,0
"Keybanc Maintains Overweight on NVIDIA, Lowers Price Target to $220",Keybanc analyst John Vinh maintains NVIDIA with a Overweight and lowers the price target from $230 to $220.,0
"Tesla, Nvidia, and AMD Are Leading a Tech-Stock Rally","Some of 2022's biggest laggards, including electric-vehicle giant Tesla and chip stock Nvidia, are surging Monday, outpacing a broad market surge.",1
Nvidia and 2 Other Stocks That Could Be Helped or Hurt by ChatGPT,"The artificial-intelligence-based  bot has taken the AI industry by storm. Wall Street is considering how it could affect Nvidia, Alphabet, and Chegg.",2
"Nvidia CEO says AI will need regulation, social norms",Nvidia Corp Chief Executive Officer Jensen Huang on Tuesday said that the burgeoning field of artificial intelligence will create powerful tools that require legal regulation and social norms that have yet to be worked out.,1
"Truist Securities Maintains Buy on NVIDIA, Raises Price Target to $238",Truist Securities analyst William Stein maintains NVIDIA with a Buy and raises the price target from $198 to $238.,1
"Barclays Maintains Overweight on NVIDIA, Raises Price Target to $250",Barclays analyst Blayne Curtis maintains NVIDIA with a Overweight and raises the price target from $170 to $250.,1
"Altimeter's Brad Gerstner builds a new position in Nvidia, betting on its central role in AI",The tech investor said he initiated the Nvidia position in December and added to it in January.,1
Quest Global Teams with NVIDIA to Build Next-Gen Omniverse Digital Twin Solutions for Manufacturing Industry,"MUNICH, Feb. 2, 2023 /PRNewswire/ -- Quest Global, one of the world&#39;s fastest-growing engineering services firms, announced its development of new services and solutions, based on the NVIDIA Omniverse Enterprise",1
Quest Global Teams with NVIDIA to Build Next-Gen Omniverse Digital Twin Solutions for Manufacturing Industry,"WINDSOR, Conn., Feb. 2, 2023 /PRNewswire/ -- Quest Global, one of the world&#39;s fastest-growing engineering services firms, announced its development of new services and solutions, based on the NVIDIA Omniverse",1
NVIDIA Sets Conference Call for Fourth-Quarter Financial Results,"SANTA CLARA, Calif., Feb. 01, 2023 (GLOBE NEWSWIRE) -- NVIDIA will host a conference call on Wednesday, February 22, at 2 p.m. PT (5 p.m. ET) to discuss its financial results for the fourth quarter and fiscal year",2
Brytlyt becomes NVIDIA Inception Premier Partner,"LONDON, Jan. 31, 2023 /PRNewswire/ -- Brytlyt, the world&#39;s first all-in-one browser-led platform that enables GPU in-database AI with deep learning capabilities, has become a Premier Partner of NVIDIA Inception.",1
"AI Arms Race Will Lift Chip Stocks Nvidia, Broadcom, and Marvell, Says J.P. Morgan","J.P. Morgan analyst Harlan Sur worte that chip stocks Nvidia, Broadcom, and Marvell are best positioned to sell chips to tech giants building artificial-intelligence products.",1
"Independent Cloud Computing Leader Vultr Adds NVIDIA A16 to its A40, A100, and Fractional GPU Offerings","Customers can now access the highest-performance virtual desktop infrastructure (VDI), powered by NVIDIA GPUs, paying only for what they use Vultr, the world&#39;s largest privately-held cloud computing company, today",1
Nvidia-Certified GPU Servers and Clusters Integrated with Nvidia Quantum-2 Infiniband Networking Platform from Koi Computers,"CHICAGO, Feb. 8, 2023 /PRNewswire/ -- Koi Computers, one of the nation&#39;s leading turnkey providers of HPC solutions and a Preferred NVIDIA Solution Provider, will be providing AI developers and scientific researchers",1
"Oppenheimer Maintains Outperform on NVIDIA, Raises Price Target to $250",Oppenheimer analyst Rick Schafer maintains NVIDIA with a Outperform and raises the price target from $225 to $250.,1
"Keybanc Maintains Overweight on NVIDIA, Raises Price Target to $280",Keybanc analyst John Vinh maintains NVIDIA with a Overweight and raises the price target from $220 to $280.,1
"Susquehanna Maintains Positive on NVIDIA, Raises Price Target to $265",Susquehanna analyst Kinngai Chan maintains NVIDIA with a Positive and raises the price target from $185 to $265.,1
"DZ Bank Downgrades NVIDIA to Sell, Announces $195 Price Target",DZ Bank analyst Ingo Wermann downgrades NVIDIA from Buy to Sell and announces $195 price target.,0
"Buy Nvidia Stock Because It Will Lead the AI Arms Race, Says Analyst","BofA Global Research analyst Vivek Arya reiterated a Buy rating on Nvidia stock, and raised his price target on the chip maker's stock to $255 from $215.",1
"B of A Securities Maintains Buy on NVIDIA, Raises Price Target to $255",B of A Securities analyst Vivek Arya maintains NVIDIA with a Buy and raises the price target from $215 to $255.,1
"Paperspace Joins NVIDIA Cloud Service Provider Partner Program as an Elite Member, Bringing Seamless Accelerated Computing to Developers","Paperspace, a leading provider of infrastructure for highly scalable GPU-accelerated applications, today announced that it has joined the NVIDIA Cloud Service Provider partner program&#39;s highest tier. This program",1
"Domino’s Pizza, Wayfair, Nvidia: Stocks That Defined the Week","Domino’s Pizza, Wayfair, Nvidia, Walmart, Bath & Body Works, Moderna and Netflix were seven major stocks that moved on news this past week. ",2
"Meet the $10,000 Nvidia chip powering the race for A.I. ","The $10,000 Nvidia A100has become one of the most critical tools in the artificial intelligence industry,",1
NVIDIA Announces Upcoming Events for Financial Community,"SANTA CLARA, Calif., Feb. 23, 2023 (GLOBE NEWSWIRE) -- NVIDIA will present at the following events for the financial community: Morgan Stanley Technology, Media and Telecom Conference 2023Monday, March 6, 9:10 a.m.",1
Wall Street falls as rate worries outweigh Nvidia cheer,"U.S. stock indexes slipped on Thursday as investors worried that a resilient economy would give the Federal Reserve more room to raise interest rates, although a surge in Nvidia shares helped lift some of that gloom.",1
US STOCKS-Wall Street falls as rate worries outweigh Nvidia cheer,"U.S. stock indexes slipped on Thursday as investors worried that a resilient economy would give the Federal Reserve more room to raise interest rates, although a surge in Nvidia shares helped lift some of that gloom.",1
"Nvidia, Domino's Pizza, Wayfair, Lucid, and More Stock Market Movers","Chip maker Nvidia reports fourth-quarter adjusted earnings that beat analysts' estimates, Wayfair slides after posting a wider-than-expected loss, and Lucid's production forecast for 2023 widely misses expectations.",1
"Stocks making the biggest moves midday: Domino's Pizza, Lucid, Nvidia, Nikola and more ","Nvidia shares spiked, while Domino's Pizza dropped. ",1
Nvidia-led surge in chip stocks lifts Wall Street out of Fed blues,U.S. stock indexes climbed on Thursday as a strong sales forecast from Nvidia boosted chipmakers and outweighed worries that the Federal Reserve will keep raising interest rates for longer after data highlighted a tight labor market.,1
"Raymond James Assumes NVIDIA at Strong Buy, Announces Price Target of $290",Raymond James analyst Chris Caso assumes NVIDIA with a Strong Buy rating and announces Price Target of $290.,1
"Susquehanna Reiterates Positive on NVIDIA, Maintains $265 Price Target",Susquehanna analyst Christopher Rolland reiterates NVIDIA with a Positive and maintains $265 price target.,1
"Nvidia, AMD grapple with latest U.S. curbs on sales to China's Inspur","(Reuters) -Nvidia Corp, Advanced Micro Devices Inc and other U.S. firms are scrambling to assess whether they must halt sales to units of China's Inspur Group Ltd after its addition to a U.S. export blacklist last week.",0
"UPDATE 2-Nvidia, AMD grapple with latest U.S. curbs on sales to China's Inspur","Nvidia Corp, Advanced Micro Devices Inc and other U.S. firms are scrambling to assess whether they must halt sales to units of China's Inspur Group Ltd after its addition to a U.S. export blacklist last week.",0
"UPDATE 3-Nvidia, AMD grapple with latest U.S. curbs on China's Inspur","Nvidia Corp, Advanced Micro Devices Inc and other tech firms are scrambling to assess whether they must halt sales to units of China's Inspur Group Ltd after its addition to a U.S. export blacklist last week.",0
"NVIDIA Hopper H100 is awaited in public cloud, tracked by Liftr Insights data","Leveraging previous trends, such as the NVIDIA A100 in Liftr Insights data, can provide insight into what can be expected. AUSTIN, Texas, March 7, 2023 /PRNewswire/ -- Liftr Insights, a pioneer in market intelligence",1
Nvidia CEO Jensen Huang's bet big on A.I. is paying off as his core technology powers ChatGPT,"A decade ago, Nvidia CEO Jensen Huang pushed the company beyond gaming and into AI, a bet that's paying huge dividends as its chips now power OpenAI's ChatGPT.",1
"Big Fund Sells Chip Stocks AMD, Intel, Nvidia, and Micron","Caisse de Depot et Placement du Quebec, Canada’s second-largest public pension, sold 20% or more of stakes in AMD, Intel, Nvidia, and Micron Technologies stock in the fourth quarter.",1
"Morgan Stanley upgrades Nvidia, says A.I. narrative is 'too strong to remain on sidelines'","Analyst Joseph Moore upgraded Nvidia to overweight from equal weight, saying AI developments outweigh persisting challenges in areas such as gaming.",1
"Morgan Stanley Upgrades NVIDIA to Overweight, Raises Price Target to $304",Morgan Stanley analyst Joseph Moore upgrades NVIDIA from Equal-Weight to Overweight and raises the price target from $255 to $304.,1
NVIDIA Accelerates Neural Graphics PC Gaming Revolution at GDC With New DLSS 3 PC Games and Tools,"SANTA CLARA, Calif., March 16, 2023 (GLOBE NEWSWIRE) -- Ahead of next week&#39;s Game Developers Conference (GDC), NVIDIA announced an expanded game roster and new developer plug-ins for NVIDIA DLSS 3. The latest version",1
Warecorp Joins NVIDIA Partner Network as a Solution Advisor Partner for AI and Data Science Solutions,"MINNEAPOLIS, March 15, 2023 /PRNewswire/ -- Warecorp, an engineering firm specializing in intelligent edge computing, software and hardware operations, and machine learning, today announced that it has joined the NVIDIA",1
SmartCow Releases AI-Enabled Controller Ultron Powered by NVIDIA Jetson Platform for Smart Cities and Autonomous Infrastructure Deployments,"ST. JULIAN&#39;S, Malta, March 14, 2023 /PRNewswire/ -- SmartCow, an AI engineering company specializing in video analytics, AIoT devices, and smart city solutions, and an NVIDIA Metropolis partner, today released a new",1
Aetina Showcases Its Latest AI Solutions at NVIDIA GTC,"NEW TAIPEI CITY, Taiwan, March 23, 2023 /PRNewswire/ -- Aetina, a leading provider of state-of-the-art AI solutions, is participating in NVIDIA GTC, a global conference for the era of AI and the metaverse running through",1
"Needham Maintains Buy on NVIDIA, Raises Price Target to $300",Needham analyst Rajvindra Gill maintains NVIDIA with a Buy and raises the price target from $270 to $300.,1
disguise Announces Collaboration with NVIDIA,The Collaboration Will See disguise Integrate with NVIDIA Omniverse for End-to-End M&amp;E Workflows disguise today announced a new collaboration with NVIDIA to integrate the NVIDIA Omniverse platform with disguise&#39;s,1
"Nvidia sees 'quite large' portion of sales coming from generative AI, CEO says","Nvidia Corp Chief Executive Jensen Huang said Wednesday that generative artificial intelligence will grow from a ""single digit"" portion of the company's revenue in the past year to a ""quite large"" portion of its revenue in the coming year. (Reporting by Stephen Nellis in San Francisco)",1
"Truist Securities Maintains Buy on NVIDIA, Raises Price Target to $289",Truist Securities analyst William Stein maintains NVIDIA with a Buy and raises the price target from $266 to $289.,1
"BMO Capital Maintains Outperform on NVIDIA, Raises Price Target to $305",BMO Capital analyst Ambrish Srivastava maintains NVIDIA with a Outperform and raises the price target from $255 to $305.,1
Weights &amp; Biases Unveils Integrations with NVIDIA AI,"Enhancements accelerate machine learning adoption for the enterprise, unlocking new use cases SAN FRANCISCO, March 22, 2023 /PRNewswire/ -- Weights &amp; Biases today announced integrations and validations with NVIDIA",1
Nvidia Cements 'Dominant AI Leadership' With New Products,"J.P. Morgan, Oppenheimer, and Needham analysts published notes with bullish ratings after Nvidia unveiled new AI products and partnerships.",1
"Tigress Financial Reiterates Buy on NVIDIA, Raises Price Target to $320",Tigress Financial analyst Ivan Feinseth reiterates NVIDIA with a Buy and raises the price target from $250 to $320.,1
"Ampere, NVIDIA Extend AICAN Gaming Platform Ecosystem","SANTA CLARA, Calif., March 30, 2023 (GLOBE NEWSWIRE) -- Ampere Computing and NVIDIA today announced the extension of the AICAN (pronounced &#34;eye-CAN&#34;) game-streaming platform to support more game environments and global",1
"Nvidia Is More Than AI Chips. The Stock Has Software Upside, Says Analyst.",Piper Sandler analyst Harsh Kumar increased his price target on Nvidia stock to $300 from $275 and reaffirmed his Overweight rating.,1
"Nvidia will be the 'grand marshal' of the A.I. bubble 'parade,' says Josh Brown",Shares of Nvidia are up nearly 80% so far this year.,1
"Buy Nvidia Because the Chip Maker Is an AI Play, Says Analyst","Bernstein analyst Stacy Rasgon lifted the price target on Nvidia stock to $300 from $265, and reiterated his Outperform rating. The shares are the ""best way"" to play artificial intelligence, he wrote.",1
"Buy Nvidia Stock Because the Chip Maker Is an AI Play, Says Analyst","Bernstein analyst Stacy Rasgon lifted the price target on Nvidia stock to $300 from $265, and reiterated his Outperform rating. The shares are the ""best way"" to play artificial intelligence, he wrote.",1
"Bernstein Maintains Outperform on NVIDIA, Raises Price Target to $300",Bernstein analyst Stacy Rasgon maintains NVIDIA with a Outperform and raises the price target from $265 to $300.,1
Nvidia shows new research on using AI to improve chip designs,"Nvidia Corp , the world's leading designer of computer chips used in creating artificial intelligence, on Monday showed new research that explains how AI can be used to improve chip design.",1
"Qualcomm, Nvidia spar for top spot in AI chip efficiency tests",Artificial intelligence chips from Qualcomm Inc beat Nvidia Corp in two out of three measures of power efficiency in a new set of test data published on Wednesday.,0
"Google reveals its newest A.I. supercomputer, claims it beats Nvidia ","Google's TPU-based supercomputer, called TPU v4, is ""is 1.2x–1.7x faster and uses 1.3x–1.9x less power than the Nvidia A100,"" Google researchers wrote.",0
"Google says its AI supercomputer is faster, greener than Nvidia A100 chip","Alphabet Inc's Google released on Tuesday new details about the supercomputers it uses to train its artificial intelligence models, saying the systems are both faster and more power-efficient than comparable systems from Nvidia Corp .",0
"Google says its AI supercomputer is faster, greener than Nvidia","Alphabet Inc's Google on Tuesday released new details about the supercomputers it uses to train its artificial intelligence models, saying the systems are both faster and more power-efficient than comparable systems from Nvidia Corp .",0
Insight Receives 2023 Americas Retail Partner of the Year Award From NVIDIA,"Insight Enterprises (NASDAQ:NSIT), a Fortune 500 solutions integrator focused on driving client success through digital transformation, today announced its selection as the first Americas NVIDIA Partner Network (NPN)",1
Nvidia enhances mid-range video gaming chip with AI technology,"Nvidia Corp said on Wednesday it is packing one of its mid-range chips for gamers with more artificial intelligence features to improve graphics, underscoring the importance of gaming for the company despite the segment's slowing revenue.",1
"NVIDIA GeForce RTX 4070 Brings Power of Ada Lovelace Architecture and DLSS 3 to Millions More Gamers and Creators, Starting at $599","SANTA CLARA, Calif., April 12, 2023 (GLOBE NEWSWIRE) -- NVIDIA today announced the GeForce RTX™ 4070 GPU, delivering all the advancements of the NVIDIA® Ada Lovelace architecture — including DLSS 3 neural",1
PNY GeForce RTX™ 4070 12GB VERTO; PNY Introduces Latest 40 Series NVIDIA GeForce GPU,"PARSIPPANY, N.J., April 12, 2023 /PRNewswire/ -- PNY announced today the expansion of its revolutionary NVIDIA GeForce® RTX™ 40 Series PNY and XLR8 Gaming family of GPUs with the addition of the new GeForce",1
"Nvidia and AMD Stock Have Upside on AI Opportunity, Analyst Says","KeyBanc Capital Markets analyst John Vinh raised his price targets on Nvidia and AMD stock, and reaffirmed Overweight ratings. He sees growing demand for artificial-intelligence applications.",1
"Keybanc Maintains Overweight on NVIDIA, Raises Price Target to $320",Keybanc analyst John Vinh maintains NVIDIA with a Overweight and raises the price target from $280 to $320.,1
SoftServe Receives Outstanding Partner of the Year Award from NVIDIA,"SoftServe, a leading software development and IT consulting company, has received the Outstanding Impact Partner of the Year award from NVIDIA in recognition of its significant impact across countries and areas of",2
"Segmed, NVIDIA, and RadImageNet Kickstart Generative AI Initiative for Synthetic Medical Imaging Data","PALO ALTO, Calif., April 19, 2023 /PRNewswire/ -- Segmed - in collaboration with NVIDIA and RadImageNet - today announced a joint effort to generate and commercialize synthetic medical imaging data for research and",1
"Nvidia Stock Is a Buy Because the AI Player Is 'Gaining Steam,' Says Analyst",Piper Sandler analyst Harsh Kumar reiterated his Overweight rating on Nvidia stock and reaffirmed his $300 stock-price forecast.,2
"B of A Securities Maintains Buy on NVIDIA, Raises Price Target to $340",B of A Securities analyst Vivek Arya maintains NVIDIA with a Buy and raises the price target from $310 to $340.,1
"HSBC Upgrades NVIDIA to Buy, Raises Price Target to $355",HSBC analyst Frank Lee upgrades NVIDIA from Reduce to Buy and raises the price target from $175 to $355.,1
"Giant Fund Sells Apple, Tesla, Intel, and Nvidia Stock","Sweden’s national pension cut investments in Apple, Tesla, Intel, and Nvidia. The tech stocks outperformed in the first quarter.",0
DisplayRide Joins NVIDIA Inception,"SAN JOSE, Calif., April 27, 2023 /PRNewswire/ -- DisplayRide Inc. today announced it has joined NVIDIA Inception, a program that nurtures startups revolutionizing industries with technology advancements. DisplayRide is",1
Nvidia releases software tools to help chatbots watch their language,"Nvidia Corp , a major supplier of chips and computing systems for artificial intelligence, on Tuesday released a set of software tools aimed at helping chatbots watch their language.",1
Erste Group Upgrades NVIDIA to Buy,Erste Group analyst Hans Engel upgrades NVIDIA from Hold to Buy.,1
Deloitte Unveils Suite of AI Service Offerings Built on NVIDIA Platforms,"New cross-industry offerings, Compass AI™ and Frontline AI™, announced in conjunction with Deloitte&#39;s recognition as NVIDIA Consulting Partner of the Year for its leading-edge AI services NEW YORK,",1
ANELLO Photonics Joins NVIDIA Inception,"SANTA CLARA, Calif., May 4, 2023 /PRNewswire/ -- ANELLO Photonics, the creator of the SiPhOG™, today announced it has joined NVIDIA Inception, a program designed to nurture startups revolutionizing industries with",1
Protecto Boosts Privacy Protection by 10x with Lightning-Fast GPU Technology from NVIDIA,"Protecto, a leading provider of privacy intelligence solutions, today announced it has been able to boost the performance of its privacy models on NVIDIA GPUs, allowing the discovery of privacy issues up to 10x faster",1
NVIDIA Sets Conference Call for First-Quarter Financial Results,"SANTA CLARA, Calif., May 03, 2023 (GLOBE NEWSWIRE) -- NVIDIA will host a conference call on Wednesday, May 24, at 2 p.m. PT (5 p.m. ET) to discuss its financial results for the first quarter of fiscal year 2024, which",2
Nvidia short sellers lose $5 bln as shares rise more than 90% in 2023,"Nvidia Corp short sellers have lost $5.09 billion so far this year as the stock has jumped more than 90%, according to financial data firm S3 Partners.",1
"Nvidia short interest down 18% YTD, while stock up 91%-S3 Partners","Short interest in Nvidia Corp. is down by 7.04 million shares, or 18%, for the year to date, while the stock is up about 91% so far this year, according to S3 Partners.",1
NVIDIA CEO and Founder Jensen Huang to Keynote Live at COMPUTEX 2023,"TAIPEI, May 3, 2023 /PRNewswire/ -- TAITRA (Taiwan External Trade Development Council) today announced that NVIDIA founder and CEO Jensen Huang will deliver the keynote address in person at COMPUTEX 2023.",1
Appen Teams with NVIDIA to Enable Customized AI Solutions for Enterprises,"The collaboration creates an end-to-end solution that incorporates Appen&#39;s expertise in data for AI and the NVIDIA AI Enterprise platform. Appen Limited (ASX: APX), a global leader in data for the AI Lifecycle, today",1
ON Semi jumps after results while Nvidia hits 13 month high,"ON Semiconductor's shares jumped 7% on Monday after the chipmaker's quarterly guidance beat Wall Street's expectations, spurring other chip stocks with heavyweight Nvidia hitting its highest level in over a year.",1
"Rosenblatt Reiterates Buy on NVIDIA, Maintains $320 Price Target",Rosenblatt analyst Hans Mosesmann reiterates NVIDIA with a Buy and maintains $320 price target.,1
"Truist Securities Maintains Buy on NVIDIA, Raises Price Target to $332",Truist Securities analyst William Stein maintains NVIDIA with a Buy and raises the price target from $289 to $332.,1
Cepton Integrates Award-Winning Adaptive Lidar Model into NVIDIA Omniverse,"Cepton&#39;s Vista®-X120 Plus sensor model available in NVIDIA DRIVE Sim, built on Omniverse to accelerate AV development and reduce cost Cepton, Inc. (&#34;Cepton&#34; or the &#34;Company&#34;) (NASDAQ:CPTN), a Silicon Valley",1
OSS Rigel Edge Supercomputer Receives NVIDIA Certification,"ESCONDIDO, Calif., May 09, 2023 (GLOBE NEWSWIRE) -- One Stop Systems, Inc. (NASDAQ:OSS), a leader in AI Transportable compute and storage solutions at the edge, and a member of the NVIDIA Partner Network (NPN), has",1
Userful Taps Into the Power of NVIDIA GPUs with the Launch of its Infinity Platform for Enhanced Enterprise Operations,"New Unified AV as a Service (AVaaS) Platform Leverages NVIDIA CUDA Cores and Tensor Cores for Advanced Enterprise Applications Userful™, a provider of solutions for core enterprise operations, has announced",1
"MEDICAL IP Is Creating Medical Digital Twins in Virtual Spaces, Powered by NVIDIA Omniverse","MEDIP PRO, a real-time digital twin implementation solution based on medical imaging, is now connected to NVIDIA Omniverse Maximize medical data scalability by sharing and simulating medical-imaging-based digital twins",1
RoboSense Joins NVIDIA Omniverse Ecosystem,"Sensor Maker Integrates LiDAR Model on High-Fidelity Autonomous Vehicle Simulation Platform RoboSense, a world-leading provider of smart LiDAR sensor systems, today announced it is now connected to the NVIDIA",1
"Applied Materials, Farfetch, Alibaba, Palantir, Deere, Nvidia, and More Stock Market Movers","The outlook from Applied Materials disappoints, Farfetch reports a narrower-than-expected first-quarter loss, Deere is scheduled to report earnings Friday, and Nvidia shares approach all-time highs.",1
"Applied Materials, Farfetch, Alibaba, Deere, Nvidia, and More Stock Market Movers","The outlook from Applied Materials disappoints, Farfetch reports a narrower-than-expected first-quarter loss, Deere is scheduled to report earnings Friday, and Nvidia shares approach all-time highs.",1
"GeForce RTX 4060 Family Is Here: NVIDIA&#39;s Revolutionary Ada Lovelace Architecture Comes to Core Gamers Everywhere, Starting at $299","SANTA CLARA, Calif., May 18, 2023 (GLOBE NEWSWIRE) -- NVIDIA today announced the GeForce RTX™ 4060 family of GPUs, with two graphics cards that deliver all the advancements of the NVIDIA® Ada Lovelace",1
"Oppenheimer Maintains Outperform on NVIDIA, Raises Price Target to $350",Oppenheimer analyst Patrick Scholes maintains NVIDIA with a Outperform and raises the price target from $300 to $350.,1
Nvidia-ServiceNow Join Forces to Build AI for Enterprise. It’s a Great Idea.,"The ServiceNow platform will use Nvidia AI software and tools, along with Nvidia DGX hardware infrastructure for artificial-intelligence applications.",1
ServiceNow and NVIDIA Announce Partnership to Build Generative AI Across Enterprise IT,"Built on ServiceNow Platform with NVIDIA AI software and DGX infrastructure, custom large language models to bring intelligent workflow automation to enterprises Knowledge 2023—ServiceNow and NVIDIA today announced a",1
Nvidia CEO Says Those Without AI Expertise Will Be Left Behind,"Firms and individuals should familiarize themselves with artificial intelligence or risk losing out, according to Nvidia Corp. co-founder and Chief Executive Officer Jensen Huang.",1
"The Score: Target, Nvidia, and More Stocks That Defined the Week","The Score: Target, Nvidia, and More Stocks That Defined the Week",1
"Cathie Wood Defends ARKK’s Decision to Dump Nvidia, Citing Chip-Cycle Risks","Cathie Wood defended her firm’s decision to bail on Nvidia Corp. before the chipmaker’s shares surged 160%, saying the computer-chip industry’s boom-bust cycle poses risks.",0
A.I. excitement leads to a winning week for Nvidia and other tech stocks,"Here are the best performing stocks of the week, with Nvidia leading the way",1
"Goldman Sachs Maintains Buy on NVIDIA, Raises Price Target to $440",Goldman Sachs analyst Toshiya Hari maintains NVIDIA with a Buy and raises the price target from $275 to $440.,1
"Marvell, Nvidia, Workday, Gap, Paramount, and More Stock Market Movers","Marvell stock surges after the chip company issues a solid growth outlook on the back of expected gains in AI revenue, Nvidia dips after surging 24% on Thursday, Workday's earnings beat estimates, and Gap posts a surprise adjusted quarterly profit.",0
Intel Risks Being Left Behind as Nvidia Ups AI Lead,"Nvidia Corp. gave investors what they were looking for this week: concrete evidence that the surge in artificial intelligence is resulting in a sales boost. Nearly lost in the euphoria that the chipmaker set in motion, however, was a warning that not all are going to join in the feast.",1
"Marvell, Nvidia, Workday, Gap, and More Stock Market Movers","Marvell stock surges after the chip company issues a solid growth outlook on the back of expected gains in AI revenue, Nvidia dips after surging 24% on Thursday, Workday's earnings beat estimates, and Gap posts a surprise adjusted quarterly profit.",0
Long-Time Nvidia Investor Trims Holdings as AI Rally Overheats,"One of Nvidia Corp.’s long-term investors is trimming bets on the stock, saying the frenzy around artificial intelligence has pushed valuations too far.",0
"Remark Holdings, Inc. joins NVIDIA Metropolis to transform cities around the world","LONDON and LAS VEGAS, June 2, 2023 /PRNewswire/ -- Remark Holdings, Inc. (NASDAQ:MARK), a leading provider of artificial intelligence (&#34;AI&#34;)-powered video analytics solutions, announced it has joined the NVIDIA",1
ESG Fund Manager Beats 99% of Peers With Giant Bet on Nvidia,"The ESG fund with the biggest exposure to Nvidia Corp. has trounced much of the market, as bets on artificial intelligence transform the fortunes of portfolios promoting environmental, social and governance principles.",1
Retail Traders Look Beyond Nvidia for Next AI Bets,"Retail traders are riding the wave of AI mania that’s swamped Wall Street, looking beyond Nvidia Corp. and C3.ai Inc. for the next stocks to pop.",0
Nvidia CEO Jensen Huang may visit Shanghai on June 6 - Shanghai Securities News,"Nvidia Corp Chief Executive Jensen Huang may visit Shanghai on June 6, the Shanghai Securities News reported on Friday.",1
"GQG adds more Nvidia as chipmaker has a 'new leg', says CIO","A big buyer of Nvidia Corp's shares in the first quarter, Australia-listed investment firm GQG Partners , said it has continued to increase its exposure to the company since then as the chipmaker is likely to benefit from a cycle of investment in artificial intelligence.",1
Orbbec: Revolutionizing AI and Robotics with Advanced Vision Sensors Powered by NVIDIA&#39;s Accelerated Computing,"TROY, Mich., June 1, 2023 /PRNewswire/ -- Orbbec, a pioneer in 3D visual perception technology, is making waves in the AI and robotics industry. Collaborating with NVIDIA and Microsoft, Orbbec has developed the Femto",1
Nvidia runaway winner in market cap addition in May,"Nvidia Corp's market capitalisation jumped the most in May among the top 20 global companies by market value, adding $248 billion, with a majority of the gains coming in the last four sessions, according to Refinitiv data.",1
"Forget Nvidia: Fund manager says buy these two chip giants instead, giving one 30% upside","Portfolio manager Jordan Cvetanovski says one Nvidia-alternative has the edge, expecting it to rise around 30%.",1
NVIDIA Announces Upcoming Event for Financial Community,"SANTA CLARA, Calif., June 08, 2023 (GLOBE NEWSWIRE) -- NVIDIA will present at the following event for the financial community: Nasdaq Investor Conference in Partnership with JefferiesWednesday, June 14, 8:30 a.m.",1
NVIDIA Stockholder Meeting Set for June 22; Individuals Can Participate Online,"SANTA CLARA, Calif., June 08, 2023 (GLOBE NEWSWIRE) -- NVIDIA today announced it will hold its 2023 Annual Meeting of Stockholders online on Thursday, June 22, at 11 a.m. PT. The meeting will take place virtually at",1
"AI startup Cohere raises funds from Nvidia, valued at $2.2 billion","Cohere, an AI foundation model company that competes with Microsoft-backed OpenAI, said on Thursday it had raised $270 million in a funding round from investors including Nvidia , Oracle and Salesforce Ventures.",1
Nvidia invests in Google-linked generative AI startup Cohere,"Nvidia, which recently hit a $1 trillion valuation in the AI boom, joins investors in a round of venture for Cohere, a generative AI startup with Google roots.",1
AI startup Cohere raises $270 mln in Nvidia-backed funding round,"Cohere, an AI foundation model company that competes with Microsoft-backed OpenAI, said on Thursday it had raised $270 million in a funding round backed by Nvidia, Oracle and Salesforce Ventures, among others.",1
"AI Firm Cohere Raises $270 Million With Oracle, Nvidia Backing","Artificial intelligence startup Cohere has raised $270 million from a mix of venture capital and strategic investors including Oracle Corp. and Nvidia Corp., an executive said in an interview.",1
NVIDIA Corporation (NVDA) Rosenblatt's Annual Technology Summit - The age of AI scaling (Part I) Conference (Transcript),NVIDIA Corporation (NVDA) Rosenblatt's Annual Technology Summit - The age of AI scaling (Part I) Conference (Transcript),2
"Look Out, Nvidia: Kroger Is an AI Stock Now","Choosing the AI winners might not be as easy as it looks. While Nvidia is an obvious one, others have a lot of catching up to do.",1
Nvidia gets price target hike amid 10% weekly gain. Here's what the pros are saying,Pros on CNBC discussed Nvidia after the stock received a price target hike. Shares added 10% this week.,1
"Morgan Stanley Maintains Overweight on NVIDIA, Raises Price Target to $500",Morgan Stanley analyst Joseph Moore maintains NVIDIA with a Overweight and raises the price target from $450 to $500.,1
Morgan Stanley says Nvidia is the top pick for artificial intelligence over AMD,Analyst Joseph Moore said Nvidia has more immediate upside than other AI stock plays.,1
Bank of America says keep buying Nvidia shares for two main reasons,Bank of America believes Nvidia will continue to be a leader in the industry with its new gaming cycle as well as its AI capabilities.,1
NVIDIA Corporation (NVDA) Nasdaq London Investor Conference (Transcript),NVIDIA Corporation (NVDA) Nasdaq London Investor Conference (Transcript),2
"AMD, Nvidia, Tesla, UnitedHealth, Logitech, and More Stock Market Movers","Advanced Micro Devices launches a new AI chip to challenge Nvidia's dominance in the space, Nvidia closes with a market cap above $1 trillion, and Tesla finishes higher for a record 13th consecutive session.",1
Nvidia Buyback Freeze Follows Perfectly Timed Binge,Nvidia Corp. made some astute stock buybacks last year ahead of a monster rally fueled by the artificial intelligence frenzy. Now the chipmaker is drawing attention because it stopped buying.,1
Nvidia CEO Says Chipmaker ‘Extremely Likely’ to Invest in Europe,"Nvidia Corp., the world’s most valuable chipmaker, is “extremely likely” to invest in Europe, Chief Executive Officer Jensen Huang said.",1
"Jensen Huang Saw the Future. At Nvidia, He’s Building It.",Huang’s long-term thinking and willingness to invest have led to breakthroughs that opened new markets for Nvidia and expanded its technology leadership.,1
"Mizuho Reiterates Buy on NVIDIA, Maintains $400 Price Target",Mizuho analyst Vijay Rakesh reiterates NVIDIA with a Buy and maintains $400 price target.,1
Nvidia Surge Fails to Rub Off on Those It Needs Most,"While Nvidia Corp. shares have roughly tripled this year, those that the company relies on to produce the chips at the heart of the artificial-intelligence frenzy have yet to see such stellar rewards.",1
"Tesla, Nvidia, Intel, KB Home, Accenture, and More Stock Market Movers","Tesla extends losses, Nvidia trades lower, and KB Home declines after the home builder's earnings report.",0
Nvidia More Popular Than Tesla as Another 100 ESG Funds Pile In,"Nvidia Corp.’s stratospheric ascent has lured at least 100 more ESG funds in recent weeks, transforming the company into one of the most popular stocks among asset managers who integrate environmental, social and governance metrics into their investment strategies.",1
Inside China's underground market for high-end Nvidia AI chips,Psst! Where can a Chinese buyer purchase top-end Nvidia AI chips in the wake of U.S. sanctions?,2
"Daiwa Capital Upgrades NVIDIA to Outperform, Raises Price Target to $475",Daiwa Capital analyst Louis Miscioscia upgrades NVIDIA from Neutral to Outperform and raises the price target from $408 to $475.,1
Microsoft-backed AI startup Inflection raises $1.3 billion from Nvidia and others,"Inflection AI, a startup backed by several Silicon Valley heavyweights, said on Thursday it had raised $1.3 billion from investors including Microsoft and Nvidia, amid a boom in the artificial intelligence (AI) sector.",1
Microsoft-backed AI startup Inflection raises $1.3 bln from Nvidia and others,"Inflection AI, a startup backed by several Silicon Valley heavyweights, said on Thursday it had raised $1.3 billion from investors including Microsoft and Nvidia, amid a boom in the artificial intelligence (AI) sector.",1
"Rosenblatt Reiterates Buy on NVIDIA, Maintains $600 Price Target",Rosenblatt analyst Hans Mosesmann reiterates NVIDIA with a Buy and maintains $600 price target.,1
"Oracle spending 'billions' on Nvidia chips this year, Ellison says","Oracle Corp is spending ""billions"" of dollars on chips from Nvidia Corp as it expands a cloud computing service targeting a new wave of artificial intelligence (AI) companies, Oracle founder and Chairman Larry Ellison said on Wednesday.",1
Nvidia downplays possible U.S. chip export restrictions,Nvidia stock started recovering on Kress' comments before falling about 1.8% in intraday trading.,0
Nvidia sees no material impact from reported AI chip restrictions on China - CNBC,"Nvidia expects no immediate material impact from the reported new restrictions on exports of artificial intelligence chips to China, CNBC reported on Wednesday citing CFO Colette Kress.",0
What the potential U.S. ban of A.I. chips to China could mean for Nvidia,Shares of Nvidia fell overnight as investors weigh the potential impact that new restrictions on exports of AI chips to China would have on the stock.,0
"Nvidia Positioned for Massive Growth as Core Holding in Generative AI, Analyst Says",Tigress Financial Partners analyst Ivan Feinseth reiterated a Buy rating on Nvidia Corp and raised the,1
"Nvidia Stock Is a Great Way to Play AI and Beyond, Says Analyst","Tigress Financial analyst Ivan Feinseth nearly doubled his price target on Nvidia stock. “Nvidia is one of the best ways to play the accelerating adoption of AI into all types of technologies,” he wrote.",1
"Tigress Financial Maintains Buy on NVIDIA, Raises Price Target to $560",Tigress Financial analyst Ivan Feinseth maintains NVIDIA with a Buy and raises the price target from $320 to $560.,1
"Nvidia and Broadcom Have the Most AI Upside in Chip Stocks, Says Analyst","Truist analyst William Stein raised price targets on Nvidia and Broadcom stock, and reiterated Buy ratings on them. They have ""meaningful upsides,"" he wrote.",1
"Truist Securities Maintains Buy on NVIDIA, Raises Price Target to $545",Truist Securities analyst William Stein maintains NVIDIA with a Buy and raises the price target from $470 to $545.,1
Chart analyst Katie Stockton shares how to play Nvidia at these levels,"After a blowout performance to start the year, shares of Nvidia are showing signs of ""upside exhaustion,"" this chart analyst says",0
Nvidia invests $50 million in biotech company Recursion for AI drug discovery,"Nvidia is investing in Recursion, which uses AI models to identify new therapies and offers those models to its partners, including Roche and Bayer.",1
"Nvidia in talks to become anchor investor in Arm IPO, sources say","SoftBank Group Corp's chip designer Arm Ltd is in talks to bring in Nvidia as an anchor investor as it presses ahead with plans for a New York listing that could happen in September, people familiar with the matter told Reuters.",1
AI Drug Discovery Firm Recursion Surges Following $50 Million Nvidia Investment,The latest sign of investors’ unrelenting demand for all things artificial intelligence related: a record rally in drug discovery firm Recursion Pharmaceuticals Inc. following an investment from Nvidia Corp.,1
Nvidia invests $50 mln in Recursion to train AI models for drug discovery,"Nvidia invested $50 million to speed up training of biotech firm Recursion's artificial intelligence models for drug discovery, which the chip designer can then potentially license out, the companies said on Wednesday.",1
"VMware, Nvidia, Coty, Coinbase, Illumina, and More Stock Market Movers","The European Commission approves Broadcom's acquisition of software company VMware, a report says chip designer Arm is discussing bringing in Nvidia as an anchor investor for its planned initial public offering, and Kim Kardashian is in talks to buy back a stake in her beauty business from Coty.",1
Tesla's Musk Needs Nvidia. He Wants Those AI Chips.,"Nvidia and its CEO, Jensen Huang, came up on Tesla's earnings conference call. ",1
Tesla's Elon Musk Has 'Tremendous Respect' for Nvidia CEO Jensen Huang,"Nvidia and its CEO Jensen Huang came up on Tesla's earnings conference call, as Elon Musk said he would “take Nvidia hardware as fast as Nvidia will deliver it to us.”",1
"Susquehanna Maintains Positive on NVIDIA, Raises Price Target to $575",Susquehanna analyst Christopher Rolland maintains NVIDIA with a Positive and raises the price target from $450 to $575.,1
Startup Cerebras Takes on Nvidia With Chain of AI Supercomputers,"Startup chipmaker Cerebras Systems Inc. announced that it’s built the first of nine artificial intelligence supercomputers in a partnership with Abu Dhabi, part of an effort to provide alternatives to systems using Nvidia Corp. technology.",0
"Barclays Maintains Overweight on NVIDIA, Raises Price Target to $600",Barclays analyst Blayne Curtis maintains NVIDIA with a Overweight and raises the price target from $500 to $600.,1
"Wolfe Research Initiates Coverage On NVIDIA with Outperform Rating, Announces Price Target of $570",Wolfe Research analyst Chris Caso initiates coverage on NVIDIA with a Outperform rating and announces Price Target of $570.,1
"Nvidia, Microsoft, Apple and 4 More Stocks to Play AI. Why Alphabet Misses Out.","Melius Research started coverage of Nvidia, Microsoft and Apple with Buy ratings on their AI potential but were more skeptical about Google-parent Alphabet. ",1
China AI Chip Firm Targeting Nvidia Seeks Hong Kong IPO in 2023,"Chinese chip startup Shanghai Biren Intelligent Technology Co. is considering an initial public offering in Hong Kong as soon as this year, according to people familiar with the matter, aiming to capitalize on a wave of local clients turning to its AI chips as an alternative to banned Nvidia Corp. silicon.",0
"Intel Stock Rises After Earnings. How Analysts See It Matching Up to Nvidia, AMD.",Intel stock climbed Friday after its revenue forecast beat expectations but there are still concerns about competition from Nvidia and AMD for data-center chips.,0
This under-the-radar Nvidia derivative play is up nearly 60% this week,Investors on the hunt for under-the-radar ways to play the booming artificial intelligence theme may want to take a look at this Nvidia derivative,1
"ServiceNow, NVIDIA, and Accenture team to accelerate generative AI adoption for enterprises","First-of-its-kind AI Lighthouse program helps customers create generative AI-based initiatives to transform their business operations ServiceNow (NYSE:NOW), NVIDIA (NASDAQ:NVDA), and Accenture (NYSE:ACN) today",1
"AI Could Spark the Most Productive Decade Ever, Says the CEO of This Nvidia-Backed Start-Up",Personal assistants like Siri haven't seen much improvement for several years. An Nvidia-backed startup called Inflection AI might have the answer.,1
Edge Impulse Launches Integration with NVIDIA TAO Toolkit to Supercharge Edge AI,"Developers and enterprises can optimize performance and accelerate time to market of edge AI applications with NVIDIA TAO on Edge Impulse Edge Impulse, a leading platform for building, refining and deploying machine",1
NVIDIA Names Melissa Lora to Board of Directors,"SANTA CLARA, Calif., July 24, 2023 (GLOBE NEWSWIRE) -- NVIDIA today announced that it has named to its board of directors Melissa Lora, who spent three decades as an executive at Taco Bell Corp., a subsidiary of Yum!",1
"Nvidia Is the AI-Chip Winner, Analyst Says. Why There’s Hope for Intel, AMD.",Mizuho analyst Vijay Rakesh raised his target price on Nvidia but said the growth of artificial intelligence is a tailwind for AMD and Intel too.,1
"Mizuho Maintains Buy on NVIDIA, Raises Price Target to $530",Mizuho analyst Vijay Rakesh maintains NVIDIA with a Buy and raises the price target from $400 to $530.,1
"Giant Fund Slashed Apple Stock Investment, Bought Tesla, Nvidia","AustralianSuper, one of the world’s largest pensions, halved its Apple stock investment and sold Microsoft stock, while buying shares of Tesla and Nvidia.",1
CoreWeave raises $2.3 billion in debt collateralized by Nvidia chips,"Specialized cloud provider CoreWeave has raised $2.3 billion in a debt facility led by Magnetar Capital and Blackstone and collateralized by Nvidia chips, with the funds to be used to expand to meet rising AI workload, the company said on Thursday.",1
Aetina Launches New Fanless Edge AI Systems Powered by NVIDIA Jetson Orin,"NEW TAIPEI CITY, Aug. 3, 2023 /PRNewswire/ -- Aetina launches its new fanless edge AI systems powered by NVIDIA Jetson Orin system-on-modules (SoMs), including the NVIDIA Jetson AGX Orin, Orin NX, and Orin Nano. These",1
NVIDIA Sets Conference Call for Second-Quarter Financial Results,"SANTA CLARA, Calif., Aug. 02, 2023 (GLOBE NEWSWIRE) -- NVIDIA will host a conference call on Wednesday, Aug. 23, at 2 p.m. PT (5 p.m. ET), to discuss its financial results for the second quarter of fiscal year 2024,",2
AMD Doubles Down on Its AI Future. How Analysts See It Measuring Up to Nvidia.,AMD stock is now set to be driven by its success in AI chips but analysts are split on how much market share it can take from Nvidia.,1
"AMD forecasts challenger to Nvidia AI chip for 4th quarter, eyes China AI market","Advanced Micro Devices on Tuesday forecast a strong fourth quarter driven by the planned launch of artificial-intelligence chips that could compete with Nvidia chips, with the company's CEO saying it sees an ""opportunity"" to sell its AI chips in China.",1
"AMD forecasts challenger to Nvidia AI chip to launch in 4th quarter, shares rise",Advanced Micro Devices on Tuesday forecast a strong fourth quarter and expects to have artificial-intelligence hardware that can challenge Nvidia chips by then.,1
Buffett disciple Guy Spier names the only chip stock he owns — and explains why he avoids Nvidia,"Shares of Nvidia have skyrocketed 190% this year on the optimism surrounding artificial intelligence. But it's ""buyer beware,"" Spier tells CNBC Pro Talks.",1
"GQG Partners adds Nvidia, Amazon, Apple in Q2","Australia-listed investment firm GQG Partners added more shares of Nvidia Corp in the second quarter, ending June with $5.9 billion invested in the chipmaker, according to regulatory filings on Friday.",1
China's internet giants order $5 bln of Nvidia chips to power AI ambitions -FT,"China's internet giants are rushing to acquire high-performance Nvidia chips vital for building generative artificial intelligence systems, making orders worth $5 billion, the Financial Times reported on Wednesday.",1
PNY Announces Availability of New NVIDIA Ada Lovelace Architecture-Based GPUs,"PNY customers can now order from the expanded family of NVIDIA Ada Generation GPUs for workstations and the data center, which delivers compelling AI, compute, graphics, and real-time rendering to professionals",1
NVIDIA Releases Major Omniverse Upgrade With Generative AI and OpenUSD,"LOS ANGELES, Aug. 08, 2023 (GLOBE NEWSWIRE) -- SIGGRAPH—NVIDIA today announced a major release of its NVIDIA Omniverse™ platform, offering new foundation applications and services for developers and industrial",1
NVIDIA Omniverse Opens Portals to Vast Worlds of OpenUSD,"LOS ANGELES, Aug. 08, 2023 (GLOBE NEWSWIRE) -- SIGGRAPH—NVIDIA today announced a broad range of frameworks, resources and services for developers and companies to accelerate the adoption of Universal Scene Description,",1
"NVIDIA, Global Data Center System Manufacturers to Supercharge Generative AI and Industrial Digitalization","LOS ANGELES, Aug. 08, 2023 (GLOBE NEWSWIRE) -- SIGGRAPH—NVIDIA today announced NVIDIA OVX™ servers featuring the new NVIDIA® L40S GPU, a powerful, universal data center processor designed to accelerate the",1
"NVIDIA, Global Workstation Manufacturers to Launch Powerful Systems for Generative AI and LLM Development, Content Creation, Data Science","LOS ANGELES, Aug. 08, 2023 (GLOBE NEWSWIRE) -- SIGGRAPH—NVIDIA and global manufacturers today announced powerful new NVIDIA RTX™ workstations designed for development and content creation in the age of",1
"Nvidia, Lowe's, Dollar Tree, and More Stocks to Watch This Week","The Federal Reserve's Jackson Hole Economic Policy Symposium begins on Thursday. Plus, earnings from Lowe's, Nvidia, Dollar Tree, Intuit, and Ulta Beauty.",1
Wall Street awaits hotly anticipated Nvidia earnings. What the pros say to do next,"Pros on CNBC discussed Nvidia as the chipmaker prepares to announce its much-anticipated, second-quarter earnings Wednesday.",1
"Wedbush Reiterates Outperform on NVIDIA, Maintains $490 Price Target",Wedbush analyst Matt Bryson reiterates NVIDIA with a Outperform and maintains $490 price target.,1
Reallusion Integrates iClone Live Sync with NVIDIA Omniverse™,"Two-way Synchronized Character Animation Workflow Empowers NVIDIA Omniverse™ in Real-time Crowd Generation for Digital Twins and AECO. SAN JOSE, Calif., Aug. 18, 2023 /PRNewswire-PRWeb/ -- Reallusion releases the",1
"Rosenblatt Maintains Buy on NVIDIA, Raises Price Target to $800",Rosenblatt analyst Hans Mosesmann maintains NVIDIA with a Buy and raises the price target from $600 to $800.,1
"Oppenheimer Maintains Outperform on NVIDIA, Raises Price Target to $500",Oppenheimer analyst Patrick Scholes maintains NVIDIA with a Outperform and raises the price target from $420 to $500.,1
"Rosenblatt hikes Nvidia price target to Street high, says shares can rally another 80% from here","Rosenblatt is getting more bullish on Nvidia ahead of its quarterly print next week, hiking shares to the highest price target among the Wall Street community. ",1
Analysts are going gaga over Nvidia before its earnings next week,"Nearly three months after Nvidia shocked Wall Street with blowout earnings and guidance due to AI demand, analysts are still going crazy for the chipmaker.",1
"Nvidia Beats Big, and Powell Doesn’t Rock the Boat. Why That’s Ominous for Stocks.",Investors wanted Nvidia to keep AI mania going and the Fed to stick to the script. But all that wasn’t enough to drive correction fears away.,0
Bank of America sees more than 30% upside ahead for this derivative play post-Nvidia earnings,"Another blowout quarter from artificial intelligence giant Nvidia should bode well for shares of this derivative play, according to Bank of America.",1
"Nvidia Market Reaction Shows US Rally Is Over, Morgan Stanley’s Wilson Says","The drop in US stocks on Thursday despite a bumper report from Nvidia Corp. shows the rally this year is “exhausted” and portends more declines to come, according to Morgan Stanley’s Michael Wilson.",0
This Key Japanese AI Stock Is Trading as Expensive as Nvidia,"Shares of Advantest Corp., a Japanese maker of semiconductor testing equipment seen as a key beneficiary of the artificial intelligence boom, are now trading as expensive as those of Nvidia Corp.",0
NVIDIA Announces Upcoming Events for Financial Community,"SANTA CLARA, Calif., Aug. 24, 2023 (GLOBE NEWSWIRE) -- NVIDIA will present at the following events for the financial community: Goldman Sachs Communacopia &amp; Technology ConferenceTuesday, Sept. 5, 12:25 p.m.",1
Nvidia shares little changed despite earnings beat. What the pros say to do next,Pros on CNBC discussed Nvidia after the company beat both earnings and revenue estimates for the second quarter.,0
"Nvidia earnings scare away AMD, Intel investors as legacy chipmakers lose ground in AI","In its earnings report on Wednesday, Nvidia said sales this quarter will likely rise 170%, showing the company's dominance in artificial intelligence chips",1
Nvidia shares hit record high as AI demand fuels record results,"Shares of Nvidia rose as much as 6.7% on Thursday, hitting an all-time high, after the company unveiled a $25 billion stock buyback plan and record quarterly revenue powered by strong demand for its artificial intelligence (AI)-focused chips.",1
SoftBank Lines Up Apple and Nvidia as Strategic Arm IPO Backers,"SoftBank Group Corp. has lined up some of Arm Ltd.’s biggest customers as strategic investors for the chip company’s initial public offering, including Apple Inc., Nvidia Corp., Intel Corp. and Samsung Electronics Co., according to people familiar with the situation.",1
US curbs AI chip exports from Nvidia and AMD to some Middle East countries,The U.S. expanded the restriction of exports of sophisticated Nvidia and Advanced Micro Devices artificial-intelligence chips beyond China to other regions including some countries in the Middle East.,0
US curbs AI chip exports from Nvidia to some Middle East countries,"The U.S. expanded the restriction of exports of sophisticated Nvidia artificial-intelligence chips beyond China to other regions including some countries in the Middle East, the company said in a regulatory filing this week.",0
Nvidia Partner Expects AI Server Sales to Double in 2024,Key Nvidia Corp. partner Quanta Cloud Technology expects to double sales of its artificial intelligence servers in 2024 and demand to persist over the longer term as businesses weave AI into their operations and services.,1
US restricts exports of some Nvidia chips to certain Middle East countries,"The U.S. expanded the restriction of exports of sophisticated Nvidia artificial intelligence chips beyond China to other regions including some countries in the Middle East, the company said in a regulatory filing this week.",0
US restricts exports of some Nvidia chips to certain Middle East countries -filing,"The U.S. government has imposed restrictions on some Nvidia artificial intelligence chip exports to certain countries in the Middle East, the company said in a regulatory filing this week.",0
US restricts exports of some Nvidia chips to Middle East countries -filing,"The U.S. government has imposed restrictions on some Nvidia artificial intelligence chip exports to certain countries in the Middle East, the company said in a regulatory filing this week.",0
Nvidia Stock Pauses After Hitting Record High. Why This Analyst Thinks It's a Bargain.,"Nvidia is cheaper than Alphabet, Microsoft and Apple on a growth-adjusted basis according to Melius Research.  ",0
"Nvidia strikes deals with Reliance, Tata in deepening India AI bet","U.S. chip firm Nvidia on Friday announced AI partnerships with Indian conglomerates Reliance Industries and Tata Group to develop cloud infrastructure and language models, as well as generative applications.",1
Nvidia enters AI partnership with India's Tata Group,"Nvidia and India's Tata Group will partner to deliver computing infrastructure and platforms for developing artificial intelligence-based solutions, the U.S. chip designer said on Friday. (Reporting by Ashish Chandra in Bengaluru; Editing by Arun Koyyur)",1
"US Senate panel to hold AI hearing with Microsoft, Nvidia",A U.S. Senate committee on Tuesday will hold a new hearing on artificial intelligence with Microsoft President Brad Smith and Nvidia chief scientist William Daly as Congress works on legislation to mitigate the dangers of the emerging technology.,0
Tata Partners With NVIDIA to Build Large-Scale AI Infrastructure,"SANTA CLARA, Calif., Sept. 08, 2023 (GLOBE NEWSWIRE) -- NVIDIA today announced an extensive collaboration with Tata Group to deliver AI computing infrastructure and platforms for developing AI solutions. The",1
Nvidia to Partner With India’s Tata and Reliance for AI Development,"Nvidia Corp. plans to partner with the Tata Group on artificial intelligence, according to people familiar with the matter, hours after another Indian conglomerate, Reliance Industries Ltd., announced a similar deal.",1
"Nvidia, India's Reliance strike AI partnership for apps, language models","U.S. chip firm Nvidia and telecom-to-retail giant Reliance on Friday announced an AI partnership to create language models, generative apps and a cloud infrastructure platform for AI development in the South Asian nation.",1
India's Tata Group set to announce AI partnership with Nvidia - source,"India's Tata Group is set to announce an AI partnership with U.S. chip firm Nvidia , a source with direct knowledge of the matter told Reuters.",1
"Nvidia, Reliance partners to develop AI apps for India",U.S. chipmaker Nvidia and oil-to-telecoms conglomerate Reliance Industries on Friday said they are working together to create artificial intelligence-based applications for India.,1
Nvidia Cash Geyser Can Cover Buybacks and Vital R&D,Investors fretting that Nvidia Corp.’s massive stock buyback allocation would leave it short of funds for vital research and development should take heart from the chipmaker’s swelling free cash flow.,1
Haivision Expands SRT Alliance with Newest Member NVIDIA,"SRT video streaming protocol now integrated with NVIDIA&#39;s software-defined platform for building dynamic, interconnected media applications IBC2023 (Hall 2.B32) AMSTERDAM, Sept. 15, 2023 /PRNewswire-PRWeb/ --",1
"Ford, GM, Nvidia, HP Inc., Semtech, and More Stock Market Movers","The head of the United Auto Workers says the union and the Big Three auto makers are still 'very far apart' on the union’s key priorities for wage increases as a strike deadline looms, chip makers Nvidia and Taiwan Semiconductor rise as Arm's IPO is priced at the high end of the expected range, and Berkshire Hathaway sells 5.5 million shares of HP Inc.",1
Direxion rolls out Nvidia-focused ETFs for bulls and bears,"Direxion is rolling out two new exchange-traded funds (ETFs) tied to the price movement in shares of Nvidia Corp , the financial products provider said on Wednesday, seeking to capitalize on excitement over developments in artificial intelligence that helped boost stocks this year.",1
Nvidia Joins AI Firms Taking White House Voluntary Safety Pledge,Nvidia Corp. will join IBM Corp. and Salesforce Inc. at the White House on Tuesday as a second group of artificial intelligence companies promise to adopt the administration’s voluntary safety principles to put guardrails on this new technology.,1
"AI chip startup Enfabrica raises $125 mln, with backing from Nvidia","Enfabrica, a Silicon Valley chip startup working on networking chips for artificial intelligence data centers, said on Tuesday that it has raised $125 million in venture capital, with Nvidia joining as a strategic investor.",1
NVIDIA Corporation (NVDA) Bank Of America Securities Global A.I. Conference 2023 (Transcript),NVIDIA Corporation (NVDA) Bank Of America Securities Global A.I. Conference 2023 (Transcript),1
Adeia and NVIDIA Resolve Litigation,"SAN JOSE, Calif., Sept. 11, 2023 (GLOBE NEWSWIRE) -- Adeia Inc. (NASDAQ:ADEA) (&#34;Adeia&#34; or the &#34;Company&#34;), the company whose patented innovations enhance billions of devices, today announced that NVIDIA and Adeia have",1
"Nvidia, other US chip stocks stall over valuation, industry worries","Some of the shine is wearing off shares of Nvidia and other U.S. semiconductor companies after a stunning 2023 rally, as investors weigh steep valuations, rising Treasury yields and signs of industry unease.",0
"Rosenblatt Reiterates Buy on NVIDIA, Maintains $1100 Price Target",Rosenblatt analyst Hans Mosesmann reiterates NVIDIA with a Buy and maintains $1100 price target.,1
"Deep tech VC launched by ex-Nvidia, Samsung execs raises $140 mln fund","Global Frontier Technology Ventures (GFT), a venture capital firm launched by former Nvidia and Samsung executives, on Tuesday said it has raised $140 million for its inaugural fund.",0
EU examines Nvidia-dominated AI chip market's alleged abuses- Bloomberg News,"The European Union is examining alleged anticompetitive practices in chips used for artificial intelligence, a market that Nvidia dominates, Bloomberg News reported on Friday, citing people familiar with the matter.",0
EU examines Nvidia-dominated AI chip market's abuses - Bloomberg News,"The European Union is examining alleged anticompetitive practices in chips used for artificial intelligence, a market that Nvidia dominates, Bloomberg News reported on Friday, citing people familiar with the matter.",0
EU starts early-stage probe into Nvidia-dominated AI chip market's abuses - Bloomberg News,"The European Union is examining alleged anticompetitive abuses in chips used for artificial intelligence, a market which Nvidia dominates, Bloomberg News reported on Friday, citing people familiar with the matter.",0
EU starts early-stage probe into Nvidia-dominated AI chip market abuses - Bloomberg News,"The European Union is examining alleged anticompetitive abuses in chips used for artificial intelligence, a market which Nvidia dominates, Bloomberg News reported on Friday, citing people familiar with the matter.",0
EU Begins Early-Stage Probe Into AI Chip Market Abuses that Nvidia Dominates,"The European Union is examining alleged anticompetitive abuses in chips used for artificial intelligence, a market that’s dominated by Nvidia Corp.",0
Quant Who Told His Mom to Sell Nvidia Hasn’t Heard the End of It,"When Jason Hsu saw Nvidia Corp. rally above $250 a share earlier this year, he gave his mom what he thought was a sage piece of advice: Sell your shares.",1
"Nvidia Offices in France Raided as Part of Inquiry, WSJ Says","Nvidia Corp.’s French offices were raided by France’s antitrust authority over concerns that the company is engaged in anticompetitive behavior, the Wall Street Journal reported.",0
"Micron widens loss forecast, shares drop; chipmaker hopes to supply Nvidia","Micron Technology on Wednesday forecast a wider than expected first-quarter loss, and its shares sank 2.4% even as it prepares to ramp up production of new product lines and said it was working to become a supplier to Nvidia ",0
This could be the next major bullish catalyst for AI darling Nvidia,"CEO Jensen Huang's Nvidia is set to pull forward the debut of its next-generation processor to the end of 2024, from 2025, according to Wall Street analysts.",1
"SwXtch.io and Cinnafilm Announce the General Availability of Tachyon™ LIVE for cloudSwXtch, Conversions Powered by NVIDIA GPUs in the Cloud","swXtch.io partners with Cinnafilm for cloud deployment of its IP-XCode technology with Tachyon LIVE running on NVIDIA GPUs ALBUQUERQUE, N.M., Oct. 6, 2023 /PRNewswire/ -- swXtch.io LLC and Cinnafilm announce the",1
"UK’s Nvidia Rival, Graphcore, Needs Funds After Loss Widens","Graphcore Ltd., the British chipmaker that aimed to challenge Nvidia Corp., said it needs to raise money to continue operating as a “going concern” after racking up losses.",1
"Keybanc Maintains Overweight on NVIDIA, Raises Price Target to $750",Keybanc analyst John Vinh maintains NVIDIA with a Overweight and raises the price target from $670 to $750.,1
"High-Flier Nvidia Could Rally Another 70% On &#39;Extremely Strong&#39; AI Data Center Demand, Says Analyst","Nvidia&#39;s AI prowess is likely to lift the stock by about 68% as demand for its high-performance GPU continues to be strong, says an analyst at KeyBanc.",1
Nvidia Needs a Catalyst. Citi Thinks This Could Trigger a Rally.,Nvidia has almost tripled in value this year but the stock has moved sideways in recent months. Citi analysts say the shares could receive a new push in the first half of 2024.,0
Goldman Sachs adds Nvidia to its October 'conviction list',"Nvidia has been the market leader this year, and Goldman Sachs expects it to maintain that position going forward. ",1
"Remark Holdings, Inc. joins NVIDIA as a partner of PNY to present at the Smart City Expo World Congress in Barcelona on November 7-9","LAS VEGAS, Oct. 12, 2023 /PRNewswire/ -- Remark Holdings, Inc. (NASDAQ:MARK), a leading provider of artificial intelligence (&#34;AI&#34;) powered video analytics solutions, announced today that it will be joining NVIDIA",1
"Nvidia Stock Still Has 50% More Upside, Analyst Says",TD Cowen analysts maintained raised their price target on Nvidia stock to $700 from $600. The chip maker's shares have already soared more than 200% so far this year.,1
"Nvidia and Marvell Are Still Winners, but Sell These 2 Chip Stocks, Citi Says",Citi analysts downgraded Skyworks Solutions and Qorvo to Sell from Neutral in a Tuesday report. It kept Buy ratings on Nvidia and Marvell.,1
Nvidia cancels AI Summit in Tel Aviv following Hamas attack on Israel,Nvidia canceled its AI conference in Tel Aviv next week due to safety concerns as the death toll rises in Israel and the Gaza Strip.,0
"Nvidia Will Stay Dominant, Citi Says After Report OpenAI May Change Chip Suppliers",Analysts at Citi see Nvidia continuing to maintain a 90% or so market share in the artificial intelligence GPU chip market over the next two to three years.,1
Analysis: US chip curbs give Huawei a chance to fill the Nvidia void in China,"U.S. measures to limit the export of advanced artificial intelligence (AI) chips to China may create an opening for Huawei Technologies [RIC:RIC:HWT.UL] to expand in its $7 billion home market as the curbs force Nvidia to retreat, analysts say.",0
"The chip stock is getting a ton of love from Wall Street, and it's not Nvidia","This major chipmaker is getting a lot of love on Wall Street after reporting third-quarter earnings this week — and no, it's not Nvidia.",0
Nvidia Dip-Buyers Burned by US Chip Battle With China,Investors who snapped up shares of Nvidia Corp. at the bottom of last month’s swoon got a harsh reminder of the multiple forces pushing and pulling on the chipmaker’s business prospects.,0
"Keybanc Maintains Overweight on NVIDIA, Lowers Price Target to $650",Keybanc analyst John Vinh maintains NVIDIA with a Overweight and lowers the price target from $750 to $650.,0
Oracle Continues AI Momentum with NVIDIA AI Enterprise and DGX Cloud Availability in the Oracle Cloud Marketplace,"Oracle today announced that NVIDIA AI Enterprise, an enterprise-grade software that accelerates data science and streamlines development and...",1
"Morgan Stanley Maintains Overweight on NVIDIA, Lowers Price Target to $600",Morgan Stanley analyst Joseph Moore maintains NVIDIA with a Overweight and lowers the price target from $630 to $600.,0
Insyde Software Becomes the First Independent BIOS Vendor to Achieve Arm SystemReady SR-SIE Certification for the NVIDIA GH200 Grace Hopper Superchip Platform,"InsydeH2O UEFI BIOS Delivers Full Compliance with Arm System Architecture and Boot Security Standards on NVIDIA&#39;s Accelerated Computing Platform OCP GLOBAL SUMMIT – Insyde® Software, a leading provider of UEFI",0
Nvidia Stock Is Falling—and U.S. Export Rules Look Even Worse in the Long Term,"Exports to China of the most high-tech chips. like those developed by Nvidia, will be banned without a license.",0
Primer Joins NVIDIA Inception Program for Cutting-Edge AI Startups,"Primer Technologies, an AI/ML technology firm specializing in building and deploying decision-ready AI, today announced it has joined NVIDIA...",1
Looking to invest long-term in Nvidia? Here's how to play the stock according to one growth investor,Nvidia has been getting a lot of love this year but the recent export controls has put a dent on the company's activity.,1
Cisco Partners with NVIDIA to Unleash the Power of Hybrid Workspaces,Cisco (NASDAQ: CSCO) today unveiled the next milestone of its ongoing work with NVIDIA to deliver AI-powered meetings for hybrid workers. Cisco...,1
"Google, Nvidia Back Startup That Helps Navigate AI Chip Shortage","Nvidia Corp. and a Google venture fund have joined a seed round of funding for a startup that helps developers squeeze more computing power out of specialized processors used to train AI, potentially alleviating a major logjam for the burgeoning field.",1
Nvidia says U.S. speeded up new export curbs on AI chips,Chip designer Nvidia said new U.S. export curbs on the sale of its high-end artificial intelligence chips to China came into effect on Monday as regulators advanced the deadline.,0
"Nvidia to Take on Intel With Arm-Based PC Chips, Reuters Says","Nvidia Corp. is developing chips with Arm Holdings Plc technology that would challenge Intel Corp. processors in personal computers, Reuters reported.",1
Exclusive: Nvidia to make Arm-based PC chips in major new challenge to Intel,Nvidia dominates the market for artificial intelligence computing chips. Now it is coming after Intel’s longtime stronghold of personal computers.,1
"Big Pension Sold Nvidia, Intel, Ford, and GM Stock","Oregon’s pension, one of the largest in the U.S., slashed positions in chip makers Nvidia and Intel, and auto makers Ford and GM in the third quarter.",0
Bullish fund tied to Nvidia top performing ETF so far this year,"An exchange traded fund (ETF) tied to high-flying shares of U.S. chipmaker Nvidia Corp is the top-performing ETF so far this year, as the frenzy around artificial intelligence attracts buyers.",1
NVIDIA Sets Conference Call for Third-Quarter Financial Results,"SANTA CLARA, Calif., Nov. 01, 2023 (GLOBE NEWSWIRE) -- NVIDIA will host a conference call on Tuesday, Nov. 21, at 2 p.m. PT (5 p.m. ET), to discuss its financial results for the third quarter of fiscal year 2024, which",2
AMD soars as AI chip sales prediction bodes well for rivalry with Nvidia,"Shares of Advanced Micro Devices jumped 8% on Wednesday, after an upbeat AI chip sales forecast signaled the company was making progress in its bid to catch up with market leader Nvidia .",0
AMD rises as AI chip sales prediction bodes well for rivalry with Nvidia,"Shares of Advanced Micro Devices jumped nearly 6% on Wednesday, after an upbeat AI chip sales forecast signaled the company was making progress in its bid to catch up with market leader Nvidia .",0
Nvidia shares drop after report of canceled China orders,Shares of Nvidia Corp dropped by about 5% to a near five-month low on Tuesday following a Wall Street Journal report that the artificial intelligence (AI) giant may be forced to cancel up to $5 billion worth of advanced chip orders to China in compliance with new U.S. government restrictions.,0
Nvidia shares drop to five-month-low after report of canceled China orders,Shares of Nvidia Corp dropped by nearly 5% to a nearly five-month-low on Tuesday following a report that the artificial intelligence (AI) giant may be forced to cancel up to $5 billion worth of advanced chip orders to China in compliance with new U.S. government restrictions.,0
Nvidia tests chatbots in chip design process in bid to use more AI,Nvidia on Monday published new research into using chatbots that can generate human-like responses in the process of designing semiconductors.,1
"U.S. in game of ""catch me if you can"" with Nvidia on rules - China media","U.S. curbs on China have created a game of ""catch me if you can"" with U.S. chip giant Nvidia and other companies, which affect the interests of both countries and will accelerate Chinese innovation, the Global Times newspaper said on Saturday.",0
Nvidia Is Looking Cheap to Some as 220% Rally Stalls,Nvidia bulls are starting to throw around an adjective rarely used for a stock that’s more than tripled in less than a year: cheap.,0
China AI Startup Stockpiled 18 Months of Nvidia Chips Before Ban,"One of China’s emerging artificial-intelligence startups went on a buying blitz earlier this year to make sure it had enough high-end Nvidia Corp. semiconductors, before the US government imposed tighter export restrictions that cut off such chip sales to all Chinese customers.",0
"Bernstein Reiterates Outperform on NVIDIA, Maintains $675 Price Target",Bernstein analyst Stacy Rasgon reiterates NVIDIA with a Outperform and maintains $675 price target.,0
Nvidia plans to release three new chips for China - analysts,Nvidia plans to release new artificial intelligence chips aimed at the Chinese market less than a month after U.S. officials tightened the rules on selling high-end AI chips to China.,1
Nvidia plans to release three new chips for China - local media,"Nvidia is planning to release three new chips for China, local media reported on Thursday, weeks after the U.S. blocked it from selling two high-end artificial intelligence (AI) chips and one of its top gaming chips to Chinese firms.",1
"How Arm is gaining chip dominance with its architecture in Apple, Nvidia, AMD, Amazon, Qualcomm and more","Arm is seeing a surge of popularity, with its low-power chip architecture used by Apple, Amazon, Nvidia, AMD and more - helping make it the year's biggest IPO.",0
"Nvidia to Release Three New AI Chips for China, Report Says","Nvidia Corp. will release three new artificial intelligence chips for China, according to a report from state-affiliated news outlet Chinastarmarket, after the US further restricted the Asian nation’s access to advanced semiconductors last month.",1
"Nvidia, Lowe's, Best Buy, and More Stocks to Watch This Week",Nvidia reports earnings this week and the latest Federal Open Market Committee releases its latest meeting minutes.,1
"Stifel Reiterates Buy on NVIDIA, Maintains $600 Price Target",Stifel analyst Ruben Roy reiterates NVIDIA with a Buy and maintains $600 price target.,1
"Analyst Stays Bullish On Nvidia, Citing Strong Demand And Supply Shortage",Wedbush analyst Matt Bryson reiterated Nvidia Corp with an Outperform and a,1
"Piper Sandler Reiterates Overweight on NVIDIA, Maintains $620 Price Target",Piper Sandler analyst Harsh Kumar reiterates NVIDIA with a Overweight and maintains $620 price target.,1
"Wedbush Reiterates Outperform on NVIDIA, Maintains $600 Price Target",Wedbush analyst Matt Bryson reiterates NVIDIA with a Outperform and maintains $600 price target.,1
Dropbox and NVIDIA Team to Bring Personalized Generative AI to Millions of Customers,"Dropbox Plans to Leverage NVIDIA&#39;s AI Foundry to Build Custom Models and Improve AI-Powered Knowledge Work with Dropbox Dash Universal Search Tool and Dropbox AI Today, Dropbox, Inc. (NASDAQ:DBX) and NVIDIA",1
"Nvidia Forecast To Excel In Data Center, Gaming And Why Analysts Predict Strong Supply Improvement",Oppenheimer analyst Rick Schafer reiterated an Outperform rating on Nvidia Corp,1
Cloudera Supports Advanced NVIDIA AI Technologies,"Cloudera, the data company for trusted enterprise AI, announced additional support for key NVIDIA technologies in public and private clouds to help...",1
"Swiss Central Bank Slashed AMC Stake, Sells Apple, Nvidia, and Tesla Stock","The Swiss National Bank sold most of its investment in AMC stock, and cut back in Apple, Nvidia, and Tesla investments in the third quarter.",0
"Investors flock back to AI fund on rate cut hopes, Nvidia results","An exchange-traded fund tracking artificial intelligence stocks saw investors pouring money after six straight weeks of outflows, on the backdrop of strong quarterly results by chipmaker Nvidia and rising optimism that U.S. interest rates have peaked.",1
Nvidia Stock Is Falling. Here's Why It Just Can’t Break the $500 Level.,Nvidia stock has more than tripled this year but it can’t seem to break above the $500 mark. Even another stellar set of quarterly earnings couldn’t make it happen.,0
Nvidia shares fall as it reportedly delays China AI chip designed to comply with U.S. export rules,"Reuters, citing two sources familiar with the matter, reported that Nvidia told Chinese customers that it is delaying the launch of an AI chip that is designed to comply with U.S. export rules until the first quarter of next year.",0
"Walmart, Nvidia, Vista Outdoor, GM, and More Stock Market Movers","Walmart is well-positioned for the holiday season, according to an analyst, as Black Friday kicks off, and a report says Nvidia is delaying the launch of a new artificial-intelligence chip.",0
Exclusive: Nvidia delays launch of new China-focused AI chip -sources,"Nvidia has told customers in China it is delaying the launch of a new artificial intelligence chip it designed to comply with U.S. export rules until the first quarter of next year, two sources familiar with the matter said.",0
NVIDIA Announces Upcoming Events for Financial Community,"SANTA CLARA, Calif., Nov. 22, 2023 (GLOBE NEWSWIRE) -- NVIDIA will present at the following events for the financial community: UBS Global Technology ConferenceTuesday, Nov. 28, 11:35 a.m. Pacific time Wells Fargo",1
"Oppenheimer Reiterates Outperform on NVIDIA, Maintains $650 Price Target",Oppenheimer analyst Rick Schafer reiterates NVIDIA with a Outperform and maintains $650 price target.,1
Nvidia Stock Is Still Undervalued. So Are These 2 Smaller AI Plays.,Nvidia is the clear—and most obvious—beneficiary from the AI buildout but there are two other companies that are less well known to investors that should equally benefit in the year ahead.,1
Bitdeer Joins Forces With Nvidia In Cloud Service Launch,"SINGAPORE / ACCESSWIRE / November 30, 2023 / Bitdeer Technologies Group , a trailblazer in blockchain and high-performance computing, has recently announced a strategic partnership with NVIDIA Corporation,",1
Four Reasons Nvidia Will Keep Its AI Chip Dominance,Big Tech rivals are racing to catch up with Nvidia. It will be an uphill battle.,1
NVIDIA Corporation (NVDA) Presents at Wells Fargo 7th Annual TMT Summit Conference (Transcript),NVIDIA Corporation (NVDA) Presents at Wells Fargo 7th Annual TMT Summit Conference (Transcript),1
Nvidia CEO Jensen Huang says AI will be 'fairly competitive' with humans in 5 years,Nvidia CEO Jensen Huang said on Wednesday at the New York Times DealBook summit that AI is getting more competitive with humans,1
Nvidia CEO Says US Will Take Years to Achieve Chip Independence,"Nvidia Corp. Chief Executive Officer Jensen Huang, who runs the semiconductor industry’s most valuable company, said the US is as much as 20 years away from breaking its dependence on overseas chipmaking.",0
"Nvidia CEO: Senior executives don't need pampering, career guidance",Huang says that he has so many direct reports — most executives only have 10 or so — because it keeps Nvidia from developing unnecessary layers of management.,1
Nvidia CEO: U.S. chipmakers at least a decade away from China supply chain independence,"Nvidia CEO Jensen Huang thinks the U.S. is still at least a decade away from China chip supply chain independence, adding that it was ""absolutely"" needed.",0
Nvidia CEO aims to set up a base in Vietnam,"Nvidia wishes to establish a base in Vietnam to develop the country's semiconductor industry as it considers the Vietnamese market an important one, the Vietnamese government said, citing the U.S. chipmaker's chief executive.",1
"Big Pension Exits Palantir Stake. It Sold AT&T, and Bought Intel and Nvidia Stock.","PSP Investments sold out of its Palantir position, slashed a stake in AT&T, and bought more shares of chip makers Intel and Nvidia.",1
Nvidia to partner Malaysia's YTL Power in $4.3 bln AI development project,"Malaysian conglomerate YTL's utilities unit will partner with U.S technology giant Nvidia to develop artificial intelligence (AI) infrastructure in the Southeast Asian country, in a $4.3 billion investment deal.",1
Nvidia set to discuss chip deals in Vietnam next week,"U.S. chip giant Nvidia will discuss cooperation deals on semiconductors with Vietnamese tech companies and authorities in a meeting on Monday in Hanoi, an invitation letter to participants seen by Reuters showed.",1
AMD stock spikes after company launches AI chip to rival Nvidia,"For the past year, AI chips have been dominated by Nvidia, and cloud providers and technology companies have been searching for an alternative.",0
Meta and Microsoft say they will buy AMD's new AI chip as an alternative to Nvidia,"AMD's newest AI chip, the Instinct MI300X, could give big tech buyers leverage over Nvidia, if it works as advertised and is price-competitive.",0
Nvidia working closely with US to ensure new chips for China are compliant with curbs,"Nvidia is working closely with the U.S. government to ensure new chips for the Chinese market are compliant with export curbs, CEO Jensen Huang said on Wednesday.",1
"Nvidia Sees Huawei as Formidable AI Chipmaking Rival, CEO Says","Huawei Technologies Co. is among a field of “very formidable” competitors to Nvidia Corp. in the race to produce the best AI chips, according to the American company’s chief.",0
Intel unveils new AI chip to compete with Nvidia and AMD,"Intel announced new details about PC, server, and AI chips on Thursday, including Gaudi3, an AI chip for generative AI software that will compete with Nvidia.",0
Why we see a way forward for Nvidia in China — plus our take on 2 other stocks in the news,Jim Cramer's interview with an influential member of President Joe Biden's cabinet proved encouraging for Club holding Nvidia.,1
"VISIE Inc., a Medtech Computer Vision and Spatial Computing Company, Joins NVIDIA Inception to Up Its Computing Power","VISIE Inc., formerly Advanced Scanners, today announced it has joined NVIDIA Inception, a program that empowers early-stage companies revolutionizing industries with technological advancements. This press release",1
Nvidia to Invest in Chip Production in Vietnam. It’s All About Spreading the Risk.,"Nvidia intends to turn Vietnam into a “major chip manufacturing hub”, according to the Vietnamese government. It's the latest sign the chip maker wants to lessen its dependence on Taiwan.",1
"Nvidia Sees Vietnam as Potential Second Home, Reports Say","Nvidia Corp.’s Chief Executive Officer Jensen Huang sees Vietnam as a potential second home for the Silicon Valley company and it plans to open a legal entity in the Southeast Asian country, according to Vietnamese media.",1
Nvidia Data Center Tie-Up Boosts YTL Power to Record High,Malaysian utility firm YTL Power International Bhd. jumped to a record high after its announcement of a partnership with Nvidia Corp. to build a 20 billion ringgit ($4.3 billion) artificial intelligence data center in the Southeast Asian country.,1
Looking for alternatives to Nvidia? Futurum CEO names 3 he's bullish on for 2024,"Nvidia made a splash in 2023, given the artificial intelligence buzz. But it's not the only one worthy of mention — Daniel Newman names his top picks for 2024.",0
"UBS chart analysts say short Nvidia in 2024, see 20% to 30% correction in stock","This year's blowout rally in shares of Nvidia looks poised for a pullback in 2024, according to a group of chart analysts at UBS.",0
Nvidia to launch slower version of its gaming chip in China to comply with U.S. export controls,Nvidia is set to launch a slower version of its RTX 4090 gaming processor in China in order to comply with U.S. export restrictions.,1
Nvidia launches new gaming chip for China to comply with US export controls,U.S. chipmaker Nvidia on Thursday launched a modified version of an advanced gaming chip designed to comply with U.S. export controls targeting China.,1
Generative AI's breakout year produced hefty profits for Nvidia and lofty experiments for others,"OpenAI set the stage for a wild year in technology when it released ChatGPT in late 2023, but Nvidia was the big beneficiary.",1
Here are 3 stocks — other than Nvidia — getting an AI premium from Wall Street,"While Nvidia was the big winner for investors this year in the generative AI boom, other tech stocks have also gotten a boost ",1
"Friday's analyst calls: Nvidia a top pick, RBC sees big gains ahead for this cloud stock",Nvidia and a cloud stocks were in focus among Friday's analyst calls.,1
"Perplexity AI valued at $520 mln in funding from Bezos, Nvidia",Perplexity AI has raised $73.6 million in its latest funding round from a group of investors including U.S. chip designer Nvidia and Amazon founder Jeff Bezos in a deal valuing the artificial intelligence startup at $520 million.,1
Ansys Accelerates Autonomous Vehicle Development with NVIDIA Omniverse,"Ansys (NASDAQ: ANSS) announced that Ansys AVxcelerate Sensors will be accessible within NVIDIA DRIVE Sim, a scenario-based AV simulator powered by...",1
"DA Davidson Initiates Coverage On NVIDIA with Neutral Rating, Announces Price Target of $410",DA Davidson analyst Gil Luria initiates coverage on NVIDIA with a Neutral rating and announces Price Target of $410.,2
Abercrombie & Fitch Beat Nvidia in 2023. What's Next.,"The retailer’s 285% gain outpaced the S&P 500’s top five performers, including Nvidia.",0
Abercrombie & Fitch Beat Nvidia in 2023. What to Expect This Year.,"The retailer’s 285% gain outpaced the S&P 500’s top five performers, including Nvidia.",0